datetime,vix,vix3m
2019-01-02 15:46:00,23.22,22.75
2019-01-03 15:46:00,25.45,24.11
2019-01-04 15:46:00,21.38,21.86
2019-01-07 15:46:00,21.40,21.62
2019-01-08 15:46:00,20.47,21.14
2019-01-09 15:46:00,19.98,20.69
2019-01-10 15:46:00,19.50,20.52
2019-01-11 15:46:00,18.19,19.74
2019-01-14 15:46:00,19.07,19.93
2019-01-15 15:46:00,18.60,19.24
2019-01-16 15:46:00,19.04,19.53
2019-01-17 15:46:00,18.06,19.17
2019-01-18 15:46:00,17.80,18.84
2019-01-22 15:46:00,20.80,20.69
2019-01-23 15:46:00,19.52,20.08
2019-01-24 15:46:00,18.89,19.67
2019-01-25 15:46:00,17.42,18.82
2019-01-28 15:46:00,18.87,19.58
2019-01-29 15:46:00,19.13,19.60
2019-01-30 15:46:00,17.66,18.68
2019-01-31 15:46:00,16.57,17.88
2019-02-01 15:46:00,16.14,17.59
2019-02-04 15:46:00,15.73,17.19
2019-02-05 15:46:00,15.57,17.07
2019-02-06 15:46:00,15.38,16.90
2019-02-07 15:46:00,16.37,17.52
2019-02-08 15:46:00,15.72,17.26
2019-02-11 15:46:00,15.97,17.22
2019-02-12 15:46:00,15.43,16.82
2019-02-13 15:46:00,15.65,16.96
2019-02-14 15:46:00,16.22,17.32
2019-02-15 15:46:00,14.91,16.48
2019-02-19 15:46:00,14.88,16.45
2019-02-20 15:46:00,14.02,15.82
2019-02-21 15:46:00,14.46,16.16
2019-02-22 15:46:00,13.51,15.46
2019-02-25 15:46:00,14.85,16.00
2019-02-26 15:46:00,15.17,16.30
2019-02-27 15:46:00,14.70,15.99
2019-02-28 15:46:00,14.78,16.10
2019-03-01 15:46:00,13.57,15.38
2019-03-04 15:46:00,14.63,16.03
2019-03-05 15:46:00,14.74,16.15
2019-03-06 15:46:00,15.74,16.74
2019-03-07 15:46:00,16.59,17.30
2019-03-08 15:46:00,16.05,17.11
2019-03-11 15:46:00,14.33,16.01
2019-03-12 15:46:00,13.77,15.65
2019-03-13 15:46:00,13.41,15.33
2019-03-14 15:46:00,13.50,15.30
2019-03-15 15:46:00,12.88,14.98
2019-03-18 15:46:00,13.10,15.24
2019-03-19 15:46:00,13.56,15.56
2019-03-20 15:46:00,13.91,15.79
2019-03-21 15:46:00,13.63,15.51
2019-03-22 15:46:00,16.48,17.37
2019-03-25 15:46:00,16.33,17.45
2019-03-26 15:46:00,14.68,16.45
2019-03-27 15:46:00,15.15,16.78
2019-03-28 15:46:00,14.43,16.30
2019-03-29 15:46:00,13.71,15.80
2019-04-01 15:46:00,13.40,15.46
2019-04-02 15:46:00,13.36,15.54
2019-04-03 15:46:00,13.74,15.63
2019-04-04 15:46:00,13.58,15.48
2019-04-05 15:46:00,12.82,15.06
2019-04-08 15:46:00,13.18,15.28
2019-04-09 15:46:00,14.28,15.99
2019-04-10 15:46:00,13.30,15.38
2019-04-11 15:46:00,13.02,15.25
2019-04-12 15:46:00,12.01,14.46
2019-04-15 15:46:00,12.32,14.53
2019-04-16 15:46:00,12.18,14.47
2019-04-17 15:46:00,12.60,14.82
2019-04-18 15:46:00,12.09,14.57
2019-04-22 15:46:00,12.42,14.72
2019-04-23 15:46:00,12.28,14.54
2019-04-24 15:46:00,13.14,15.04
2019-04-25 15:46:00,13.25,15.21
2019-04-26 15:46:00,12.73,14.89
2019-04-29 15:46:00,13.11,15.23
2019-04-30 15:46:00,13.12,15.23
2019-05-01 15:46:00,14.80,16.19
2019-05-02 15:46:00,14.42,16.03
2019-05-03 15:46:00,12.87,15.07
2019-05-06 15:46:00,15.44,16.40
2019-05-07 15:46:00,19.32,18.78
2019-05-08 15:46:00,19.40,18.75
2019-05-09 15:46:00,19.10,18.44
2019-05-10 15:46:00,16.04,16.90
2019-05-13 15:46:00,20.55,19.79
2019-05-14 15:46:00,18.06,18.29
2019-05-15 15:46:00,16.44,17.49
2019-05-16 15:46:00,15.29,16.74
2019-05-17 15:46:00,15.96,17.06
2019-05-20 15:46:00,16.31,17.29
2019-05-21 15:46:00,14.95,16.42
2019-05-22 15:46:00,14.75,16.42
2019-05-23 15:46:00,16.92,17.69
2019-05-24 15:46:00,15.85,17.09
2019-05-28 15:46:00,17.50,17.90
2019-05-29 15:46:00,17.90,18.24
2019-05-30 15:46:00,17.30,17.96
2019-05-31 15:46:00,18.71,18.83
2019-06-03 15:46:00,18.86,18.77
2019-06-04 15:46:00,16.97,17.59
2019-06-05 15:46:00,16.09,17.13
2019-06-06 15:46:00,15.93,16.92
2019-06-07 15:46:00,16.30,17.15
2019-06-10 15:46:00,15.94,16.88
2019-06-11 15:46:00,15.99,16.99
2019-06-12 15:46:00,15.91,17.05
2019-06-13 15:46:00,15.82,16.86
2019-06-14 15:46:00,15.28,16.60
2019-06-17 15:46:00,15.35,16.61
2019-06-18 15:46:00,15.15,16.50
2019-06-19 15:46:00,14.33,16.10
2019-06-20 15:46:00,14.75,16.14
2019-06-21 15:46:00,15.40,16.67
2019-06-24 15:46:00,15.26,16.47
2019-06-25 15:46:00,16.28,17.12
2019-06-26 15:46:00,16.21,17.05
2019-06-27 15:46:00,15.82,16.76
2019-06-28 15:46:00,15.08,16.06
2019-07-01 15:46:00,14.06,15.43
2019-07-02 15:46:00,12.93,14.72
2019-07-03 15:46:00,12.57,14.53
2019-07-05 15:46:00,13.28,14.98
2019-07-08 15:46:00,13.96,15.48
2019-07-09 15:46:00,14.09,15.57
2019-07-10 15:46:00,13.03,15.19
2019-07-11 15:46:00,12.93,14.98
2019-07-12 15:46:00,12.39,14.80
2019-07-15 15:46:00,12.68,15.04
2019-07-16 15:46:00,12.86,15.22
2019-07-17 15:46:00,13.97,15.82
2019-07-18 15:46:00,13.53,15.54
2019-07-19 15:46:00,14.45,15.93
2019-07-22 15:46:00,13.53,15.47
2019-07-23 15:46:00,12.61,14.93
2019-07-24 15:46:00,12.07,14.56
2019-07-25 15:46:00,12.74,15.05
2019-07-26 15:46:00,12.16,14.69
2019-07-29 15:46:00,12.83,15.00
2019-07-30 15:46:00,13.94,15.70
2019-07-31 15:46:00,16.12,16.91
2019-08-01 15:46:00,17.87,17.99
2019-08-02 15:46:00,17.61,17.89
2019-08-05 15:46:00,24.59,21.90
2019-08-06 15:46:00,20.17,19.69
2019-08-07 15:46:00,19.49,19.50
2019-08-08 15:46:00,16.91,17.86
2019-08-09 15:46:00,17.97,18.56
2019-08-12 15:46:00,21.09,20.50
2019-08-13 15:46:00,17.52,18.53
2019-08-14 15:46:00,22.10,21.30
2019-08-15 15:46:00,21.18,21.07
2019-08-16 15:46:00,18.47,19.70
2019-08-19 15:46:00,16.88,18.36
2019-08-20 15:46:00,17.50,18.87
2019-08-21 15:46:00,15.80,17.72
2019-08-22 15:46:00,16.68,18.23
2019-08-23 15:46:00,19.87,20.36
2019-08-26 15:46:00,19.32,19.82
2019-08-27 15:46:00,20.31,20.64
2019-08-28 15:46:00,19.35,20.05
2019-08-29 15:46:00,17.88,19.03
2019-08-30 15:46:00,18.98,19.54
2019-09-03 15:46:00,19.66,20.12
2019-09-04 15:46:00,17.33,18.81
2019-09-05 15:46:00,16.27,18.08
2019-09-06 15:46:00,15.00,17.46
2019-09-09 15:46:00,15.27,17.55
2019-09-10 15:46:00,15.20,17.41
2019-09-11 15:46:00,14.61,17.10
2019-09-12 15:46:00,14.22,16.81
2019-09-13 15:46:00,13.74,16.67
2019-09-16 15:46:00,14.67,17.20
2019-09-17 15:46:00,14.44,17.23
2019-09-18 15:46:00,13.95,16.86
2019-09-19 15:46:00,14.05,16.79
2019-09-20 15:46:00,15.32,17.71
2019-09-23 15:46:00,14.91,17.87
2019-09-24 15:46:00,17.05,18.55
2019-09-25 15:46:00,15.96,18.00
2019-09-26 15:46:00,16.07,18.12
2019-09-27 15:46:00,17.22,18.75
2019-09-30 15:46:00,16.24,17.96
2019-10-01 15:46:00,18.56,19.35
2019-10-02 15:46:00,20.56,20.74
2019-10-03 15:46:00,19.12,19.78
2019-10-04 15:46:00,17.04,18.59
2019-10-07 15:46:00,17.86,18.91
2019-10-08 15:46:00,20.28,20.39
2019-10-09 15:46:00,18.64,19.51
2019-10-10 15:46:00,17.57,18.79
2019-10-11 15:46:00,15.58,17.55
2019-10-14 15:46:00,14.57,17.12
2019-10-15 15:46:00,13.54,16.48
2019-10-16 15:46:00,13.68,16.48
2019-10-17 15:46:00,13.79,16.44
2019-10-18 15:46:00,14.25,16.65
2019-10-21 15:46:00,14.00,16.28
2019-10-22 15:46:00,14.46,16.55
2019-10-23 15:46:00,14.01,16.29
2019-10-24 15:46:00,13.71,16.25
2019-10-25 15:46:00,12.65,15.71
2019-10-28 15:46:00,13.11,15.99
2019-10-29 15:46:00,13.20,16.09
2019-10-30 15:46:00,12.33,15.69
2019-10-31 15:46:00,13.22,16.05
2019-11-01 15:46:00,12.30,15.42
2019-11-04 15:46:00,12.83,15.62
2019-11-05 15:46:00,13.10,15.91
2019-11-06 15:46:00,12.62,15.83
2019-11-07 15:46:00,12.73,15.80
2019-11-08 15:46:00,12.07,15.53
2019-11-11 15:46:00,12.69,15.60
2019-11-12 15:46:00,12.68,15.49
2019-11-13 15:46:00,13.00,15.62
2019-11-14 15:46:00,13.05,15.60
2019-11-15 15:46:00,12.05,14.99
2019-11-18 15:46:00,12.46,15.17
2019-11-19 15:46:00,12.86,15.50
2019-11-20 15:46:00,12.78,15.64
2019-11-21 15:46:00,13.13,15.82
2019-11-22 15:46:00,12.34,15.40
2019-11-25 15:46:00,11.87,14.99
2019-11-26 15:46:00,11.54,14.85
2019-11-27 15:46:00,11.75,14.96
2019-11-29 15:46:00,12.62,15.51
2019-12-02 15:46:00,14.91,16.84
2019-12-03 15:46:00,15.96,17.63
2019-12-04 15:46:00,14.80,16.98
2019-12-05 15:46:00,14.52,16.78
2019-12-06 15:46:00,13.62,16.21
2019-12-09 15:46:00,15.86,17.30
2019-12-10 15:46:00,15.68,17.13
2019-12-11 15:46:00,14.99,16.91
2019-12-12 15:46:00,13.94,16.09
2019-12-13 15:46:00,12.63,15.28
2019-12-16 15:46:00,12.14,14.98
2019-12-17 15:46:00,12.29,15.15
2019-12-18 15:46:00,12.58,15.20
2019-12-19 15:46:00,12.50,15.14
2019-12-20 15:46:00,12.51,15.32
2019-12-23 15:46:00,12.61,15.50
2019-12-24 15:46:00,12.67,15.52
2019-12-26 15:46:00,12.65,15.52
2019-12-27 15:46:00,13.43,15.95
2019-12-30 15:46:00,14.82,16.68
2019-12-31 15:46:00,13.78,15.87
2020-01-02 15:46:00,12.47,15.19
2020-01-03 15:46:00,14.02,16.01
2020-01-06 15:46:00,13.85,15.92
2020-01-07 15:46:00,13.79,15.86
2020-01-08 15:46:00,13.45,15.40
2020-01-09 15:46:00,12.54,14.95
2020-01-10 15:46:00,12.56,14.95
2020-01-13 15:46:00,12.32,14.64
2020-01-14 15:46:00,12.39,14.64
2020-01-15 15:46:00,12.42,14.63
2020-01-16 15:46:00,12.32,14.45
2020-01-17 15:46:00,12.10,14.41
2020-01-21 15:46:00,12.85,14.87
2020-01-22 15:46:00,12.91,14.98
2020-01-23 15:46:00,12.98,14.99
2020-01-24 15:46:00,14.56,16.07
2020-01-27 15:46:00,18.23,18.16
2020-01-28 15:46:00,16.28,17.03
2020-01-29 15:46:00,16.39,17.03
2020-01-30 15:46:00,15.49,16.59
2020-01-31 15:46:00,18.84,18.63
2020-02-03 15:46:00,17.97,18.04
2020-02-04 15:46:00,16.05,16.70
2020-02-05 15:46:00,15.15,16.11
2020-02-06 15:46:00,14.96,15.89
2020-02-07 15:46:00,15.47,16.29
2020-02-10 15:46:00,15.04,16.13
2020-02-11 15:46:00,15.18,16.14
2020-02-12 15:46:00,13.74,15.36
2020-02-13 15:46:00,14.15,15.68
2020-02-14 15:46:00,13.68,15.50
2020-02-18 15:46:00,14.83,16.10
2020-02-19 15:46:00,14.38,15.82
2020-02-20 15:46:00,15.56,16.60
2020-02-21 15:46:00,17.08,17.61
2020-02-24 15:46:00,25.03,21.92
2020-02-25 15:46:00,27.85,23.86
2020-02-26 15:46:00,27.56,23.70
2020-02-27 15:46:00,39.16,29.92
2020-02-28 15:46:00,40.11,29.85
2020-03-02 15:46:00,33.42,27.70
2020-03-03 15:46:00,36.82,30.17
2020-03-04 15:46:00,31.99,27.51
2020-03-05 15:46:00,39.62,32.57
2020-03-06 15:46:00,41.94,35.46
2020-03-09 15:46:00,54.46,43.05
2020-03-10 15:46:00,47.30,39.44
2020-03-11 15:46:00,53.90,44.37
2020-03-12 15:46:00,75.47,57.24
2020-03-13 15:46:00,57.83,48.31
2020-03-16 15:46:00,82.69,67.70
2020-03-17 15:46:00,75.91,65.27
2020-03-18 15:46:00,76.45,72.98
2020-03-19 15:46:00,72.00,69.47
2020-03-20 15:46:00,66.04,65.59
2020-03-23 15:46:00,61.59,56.64
2020-03-24 15:46:00,61.67,52.11
2020-03-25 15:46:00,63.95,53.85
2020-03-26 15:46:00,61.00,49.79
2020-03-27 15:46:00,65.54,55.75
2020-03-30 15:46:00,57.08,51.26
2020-03-31 15:46:00,53.54,48.32
2020-04-01 15:46:00,57.06,51.17
2020-04-02 15:46:00,50.91,47.30
2020-04-03 15:46:00,46.80,44.84
2020-04-06 15:46:00,45.24,43.09
2020-04-07 15:46:00,46.70,43.42
2020-04-08 15:46:00,43.35,41.59
2020-04-09 15:46:00,41.67,40.61
2020-04-13 15:46:00,41.17,39.97
2020-04-14 15:46:00,37.76,36.46
2020-04-15 15:46:00,40.84,39.28
2020-04-16 15:46:00,40.11,39.21
2020-04-17 15:46:00,38.15,37.28
2020-04-20 15:46:00,43.83,40.97
2020-04-21 15:46:00,45.41,43.28
2020-04-22 15:46:00,41.98,40.92
2020-04-23 15:46:00,41.38,40.86
2020-04-24 15:46:00,35.93,37.81
2020-04-27 15:46:00,33.29,35.33
2020-04-28 15:46:00,33.57,35.37
2020-04-29 15:46:00,31.23,33.33
2020-04-30 15:46:00,34.15,35.05
2020-05-01 15:46:00,37.19,37.97
2020-05-04 15:46:00,35.97,37.00
2020-05-05 15:46:00,33.61,35.52
2020-05-06 15:46:00,34.12,35.68
2020-05-07 15:46:00,31.44,34.01
2020-05-08 15:46:00,27.98,31.64
2020-05-11 15:46:00,27.57,30.39
2020-05-12 15:46:00,33.04,34.26
2020-05-13 15:46:00,35.28,36.51
2020-05-14 15:46:00,32.61,34.90
2020-05-15 15:46:00,31.89,34.51
2020-05-18 15:46:00,29.30,31.77
2020-05-19 15:46:00,30.53,32.81
2020-05-20 15:46:00,27.99,31.11
2020-05-21 15:46:00,29.53,32.38
2020-05-22 15:46:00,28.16,31.54
2020-05-26 15:46:00,28.01,30.85
2020-05-27 15:46:00,27.62,30.19
2020-05-28 15:46:00,28.59,31.21
2020-05-29 15:46:00,27.51,30.27
2020-06-01 15:46:00,28.23,30.92
2020-06-02 15:46:00,26.84,29.93
2020-06-03 15:46:00,25.66,28.91
2020-06-04 15:46:00,25.81,28.85
2020-06-05 15:46:00,24.52,27.42
2020-06-08 15:46:00,25.81,28.08
2020-06-09 15:46:00,27.57,29.67
2020-06-10 15:46:00,27.57,29.57
2020-06-11 15:46:00,40.79,40.43
2020-06-12 15:46:00,36.09,38.05
2020-06-15 15:46:00,34.40,36.43
2020-06-16 15:46:00,33.67,35.80
2020-06-17 15:46:00,33.47,35.72
2020-06-18 15:46:00,32.94,35.14
2020-06-19 15:46:00,35.12,36.68
2020-06-22 15:46:00,31.77,33.75
2020-06-23 15:46:00,31.37,33.06
2020-06-24 15:46:00,33.84,35.39
2020-06-25 15:46:00,32.22,34.09
2020-06-26 15:46:00,34.73,35.80
2020-06-29 15:46:00,31.78,33.91
2020-06-30 15:46:00,30.43,32.52
2020-07-01 15:46:00,28.62,31.68
2020-07-02 15:46:00,27.68,30.87
2020-07-06 15:46:00,27.94,30.98
2020-07-07 15:46:00,29.43,32.07
2020-07-08 15:46:00,28.08,31.19
2020-07-09 15:46:00,29.26,32.06
2020-07-10 15:46:00,27.29,31.02
2020-07-13 15:46:00,32.19,34.54
2020-07-14 15:46:00,29.52,32.56
2020-07-15 15:46:00,27.76,31.56
2020-07-16 15:46:00,28.00,31.55
2020-07-17 15:46:00,25.68,30.37
2020-07-20 15:46:00,24.46,29.10
2020-07-21 15:46:00,24.84,29.47
2020-07-22 15:46:00,24.32,29.05
2020-07-23 15:46:00,26.08,30.25
2020-07-24 15:46:00,25.84,30.56
2020-07-27 15:46:00,24.74,30.00
2020-07-28 15:46:00,25.44,30.10
2020-07-29 15:46:00,24.10,29.29
2020-07-30 15:46:00,24.76,29.76
2020-07-31 15:46:00,24.46,29.71
2020-08-03 15:46:00,24.28,29.66
2020-08-04 15:46:00,23.76,29.09
2020-08-05 15:46:00,22.99,28.60
2020-08-06 15:46:00,22.65,28.20
2020-08-07 15:46:00,22.21,28.28
2020-08-10 15:46:00,22.13,28.05
2020-08-11 15:46:00,24.03,29.17
2020-08-12 15:46:00,22.28,28.12
2020-08-13 15:46:00,22.13,28.17
2020-08-14 15:46:00,22.05,28.37
2020-08-17 15:46:00,21.35,27.45
2020-08-18 15:46:00,21.51,27.35
2020-08-19 15:46:00,22.54,28.11
2020-08-20 15:46:00,22.72,28.13
2020-08-21 15:46:00,22.54,28.17
2020-08-24 15:46:00,22.37,28.10
2020-08-25 15:46:00,22.03,27.91
2020-08-26 15:46:00,23.27,28.70
2020-08-27 15:46:00,24.47,29.93
2020-08-28 15:46:00,22.96,29.62
2020-08-31 15:46:00,26.41,31.85
2020-09-01 15:46:00,26.12,32.10
2020-09-02 15:46:00,26.57,32.67
2020-09-03 15:46:00,33.60,37.63
2020-09-04 15:46:00,30.75,34.75
2020-09-08 15:46:00,31.46,34.31
2020-09-09 15:46:00,28.81,32.12
2020-09-10 15:46:00,29.71,32.92
2020-09-11 15:46:00,26.87,31.13
2020-09-14 15:46:00,25.85,30.48
2020-09-15 15:46:00,25.59,30.27
2020-09-16 15:46:00,26.04,30.57
2020-09-17 15:46:00,26.46,30.75
2020-09-18 15:46:00,25.83,30.46
2020-09-21 15:46:00,27.78,31.64
2020-09-22 15:46:00,26.86,31.67
2020-09-23 15:46:00,28.58,33.28
2020-09-24 15:46:00,28.51,33.06
2020-09-25 15:46:00,26.38,32.03
2020-09-28 15:46:00,26.19,31.74
2020-09-29 15:46:00,26.27,31.09
2020-09-30 15:46:00,26.37,31.64
2020-10-01 15:46:00,26.70,31.72
2020-10-02 15:46:00,27.63,32.39
2020-10-05 15:46:00,27.96,31.28
2020-10-06 15:46:00,29.48,31.88
2020-10-07 15:46:00,28.06,30.70
2020-10-08 15:46:00,26.36,29.49
2020-10-09 15:46:00,25.00,28.28
2020-10-12 15:46:00,25.07,27.98
2020-10-13 15:46:00,26.07,28.35
2020-10-14 15:46:00,26.40,28.24
2020-10-15 15:46:00,26.97,28.72
2020-10-16 15:46:00,27.41,29.21
2020-10-19 15:46:00,29.18,30.40
2020-10-20 15:46:00,29.35,30.11
2020-10-21 15:46:00,28.65,29.61
2020-10-22 15:46:00,28.11,29.30
2020-10-23 15:46:00,27.55,28.99
2020-10-26 15:46:00,32.46,32.07
2020-10-27 15:46:00,33.35,32.72
2020-10-28 15:46:00,40.28,37.75
2020-10-29 15:46:00,37.59,35.84
2020-10-30 15:46:00,38.02,36.27
2020-11-02 15:46:00,37.13,35.06
2020-11-03 15:46:00,35.55,33.52
2020-11-04 15:46:00,29.57,29.98
2020-11-05 15:46:00,27.58,29.05
2020-11-06 15:46:00,24.86,27.37
2020-11-09 15:46:00,25.75,26.88
2020-11-10 15:46:00,24.80,26.49
2020-11-11 15:46:00,23.45,25.62
2020-11-12 15:46:00,25.35,27.22
2020-11-13 15:46:00,23.10,25.69
2020-11-16 15:46:00,22.45,25.35
2020-11-17 15:46:00,22.71,25.38
2020-11-18 15:46:00,23.84,26.39
2020-11-19 15:46:00,23.11,25.80
2020-11-20 15:46:00,23.70,26.06
2020-11-23 15:46:00,22.66,25.43
2020-11-24 15:46:00,21.64,24.84
2020-11-25 15:46:00,21.25,24.42
2020-11-27 15:46:00,20.84,24.43
2020-11-30 15:46:00,20.57,24.33
2020-12-01 15:46:00,20.77,24.49
2020-12-02 15:46:00,21.17,24.54
2020-12-03 15:46:00,21.28,24.56
2020-12-04 15:46:00,20.79,24.29
2020-12-07 15:46:00,21.30,24.52
2020-12-08 15:46:00,20.68,23.87
2020-12-09 15:46:00,22.27,24.73
2020-12-10 15:46:00,22.52,25.05
2020-12-11 15:46:00,23.31,26.05
2020-12-14 15:46:00,24.72,27.11
2020-12-15 15:46:00,22.89,25.87
2020-12-16 15:46:00,22.50,25.47
2020-12-17 15:46:00,21.93,25.15
2020-12-18 15:46:00,21.57,25.17
2020-12-21 15:46:00,25.16,27.58
2020-12-22 15:46:00,24.23,27.25
2020-12-23 15:46:00,23.31,26.26
2020-12-24 15:46:00,21.53,25.37
2020-12-28 15:46:00,21.70,25.15
2020-12-29 15:46:00,23.08,26.24
2020-12-30 15:46:00,22.77,25.44
2020-12-31 15:46:00,22.75,25.28
2021-01-04 15:46:00,26.97,28.26
2021-01-05 15:46:00,25.34,27.25
2021-01-06 15:46:00,25.07,26.79
2021-01-07 15:46:00,22.37,25.02
2021-01-08 15:46:00,21.56,24.90
2021-01-11 15:46:00,24.08,26.70
2021-01-12 15:46:00,23.33,26.20
2021-01-13 15:46:00,22.21,25.55
2021-01-14 15:46:00,23.25,26.32
2021-01-15 15:46:00,24.34,27.26
2021-01-19 15:46:00,23.24,26.69
2021-01-20 15:46:00,21.58,25.72
2021-01-21 15:46:00,21.32,25.70
2021-01-22 15:46:00,21.91,25.99
2021-01-25 15:46:00,23.19,26.88
2021-01-26 15:46:00,23.02,26.89
2021-01-27 15:46:00,37.21,35.73
2021-01-28 15:46:00,30.21,31.77
2021-01-29 15:46:00,33.09,33.88
2021-02-01 15:46:00,30.24,32.53
2021-02-02 15:46:00,25.56,29.36
2021-02-03 15:46:00,22.91,27.57
2021-02-04 15:46:00,21.77,26.79
2021-02-05 15:46:00,20.87,26.52
2021-02-08 15:46:00,21.24,26.65
2021-02-09 15:46:00,21.63,27.11
2021-02-10 15:46:00,21.99,27.49
2021-02-11 15:46:00,21.25,27.22
2021-02-12 15:46:00,19.97,26.50
2021-02-16 15:46:00,21.46,27.55
2021-02-17 15:46:00,21.50,27.52
2021-02-18 15:46:00,22.49,27.86
2021-02-19 15:46:00,22.05,27.09
2021-02-22 15:46:00,23.45,27.81
2021-02-23 15:46:00,23.11,27.12
2021-02-24 15:46:00,21.34,25.89
2021-02-25 15:46:00,28.89,30.24
2021-02-26 15:46:00,27.95,29.60
2021-03-01 15:46:00,23.35,26.78
2021-03-02 15:46:00,24.10,27.16
2021-03-03 15:46:00,26.67,28.79
2021-03-04 15:46:00,28.57,30.08
2021-03-05 15:46:00,24.66,27.89
2021-03-08 15:46:00,25.47,28.13
2021-03-09 15:46:00,24.03,27.28
2021-03-10 15:46:00,22.56,26.68
2021-03-11 15:46:00,21.91,26.09
2021-03-12 15:46:00,20.69,25.74
2021-03-15 15:46:00,20.03,24.89
2021-03-16 15:46:00,19.79,24.71
2021-03-17 15:46:00,19.23,23.88
2021-03-18 15:46:00,21.58,25.28
2021-03-19 15:46:00,20.95,24.99
2021-03-22 15:46:00,18.88,22.94
2021-03-23 15:46:00,20.30,23.80
2021-03-24 15:46:00,21.20,24.40
2021-03-25 15:46:00,19.81,23.37
2021-03-26 15:46:00,18.86,22.32
2021-03-29 15:46:00,20.74,23.20
2021-03-30 15:46:00,19.61,22.31
2021-03-31 15:46:00,19.40,22.15
2021-04-01 15:46:00,17.33,20.97
2021-04-05 15:46:00,17.91,20.96
2021-04-06 15:46:00,18.12,21.16
2021-04-07 15:46:00,17.16,20.66
2021-04-08 15:46:00,16.95,20.59
2021-04-09 15:46:00,16.69,20.74
2021-04-12 15:46:00,16.91,20.82
2021-04-13 15:46:00,16.65,20.78
2021-04-14 15:46:00,16.99,21.06
2021-04-15 15:46:00,16.57,20.76
2021-04-16 15:46:00,16.25,20.53
2021-04-19 15:46:00,17.29,21.37
2021-04-20 15:46:00,18.68,22.35
2021-04-21 15:46:00,17.50,21.49
2021-04-22 15:46:00,18.71,22.52
2021-04-23 15:46:00,17.33,21.57
2021-04-26 15:46:00,17.64,21.54
2021-04-27 15:46:00,17.56,21.32
2021-04-28 15:46:00,17.28,21.13
2021-04-29 15:46:00,17.61,21.31
2021-04-30 15:46:00,18.61,22.07
2021-05-03 15:46:00,18.31,21.74
2021-05-04 15:46:00,19.48,22.67
2021-05-05 15:46:00,19.15,22.26
2021-05-06 15:46:00,18.39,21.88
2021-05-07 15:46:00,16.69,20.79
2021-05-10 15:46:00,19.66,22.40
2021-05-11 15:46:00,21.84,24.23
2021-05-12 15:46:00,27.59,28.18
2021-05-13 15:46:00,23.13,25.26
2021-05-14 15:46:00,18.81,22.26
2021-05-17 15:46:00,19.72,23.14
2021-05-18 15:46:00,21.34,24.22
2021-05-19 15:46:00,22.18,25.27
2021-05-20 15:46:00,20.67,23.81
2021-05-21 15:46:00,20.15,23.49
2021-05-24 15:46:00,18.40,22.23
2021-05-25 15:46:00,18.84,22.40
2021-05-26 15:46:00,17.36,21.30
2021-05-27 15:46:00,16.74,20.31
2021-05-28 15:46:00,16.76,20.48
2021-06-01 15:46:00,17.90,21.34
2021-06-02 15:46:00,17.48,21.42
2021-06-03 15:46:00,18.04,21.82
2021-06-04 15:46:00,16.42,20.62
2021-06-07 15:46:00,16.42,20.55
2021-06-08 15:46:00,17.07,20.85
2021-06-09 15:46:00,17.89,21.28
2021-06-10 15:46:00,16.10,20.08
2021-06-11 15:46:00,15.65,19.64
2021-06-14 15:46:00,16.39,20.14
2021-06-15 15:46:00,17.02,20.68
2021-06-16 15:46:00,18.15,21.26
2021-06-17 15:46:00,17.75,20.98
2021-06-18 15:46:00,20.70,22.93
2021-06-21 15:46:00,17.89,21.12
2021-06-22 15:46:00,16.66,20.07
2021-06-23 15:46:00,16.32,19.70
2021-06-24 15:46:00,15.97,19.26
2021-06-25 15:46:00,15.62,19.00
2021-06-28 15:46:00,15.76,19.02
2021-06-29 15:46:00,16.02,19.49
2021-06-30 15:46:00,15.83,19.51
2021-07-01 15:46:00,15.48,19.45
2021-07-02 15:46:00,15.07,19.30
2021-07-06 15:46:00,16.44,20.26
2021-07-07 15:46:00,16.20,20.41
2021-07-08 15:46:00,19.00,21.98
2021-07-09 15:46:00,16.18,20.44
2021-07-12 15:46:00,16.17,20.46
2021-07-13 15:46:00,17.12,21.13
2021-07-14 15:46:00,16.33,20.62
2021-07-15 15:46:00,17.01,21.09
2021-07-16 15:46:00,18.45,22.07
2021-07-19 15:46:00,22.50,24.90
2021-07-20 15:46:00,19.73,23.20
2021-07-21 15:46:00,17.91,21.87
2021-07-22 15:46:00,17.69,21.86
2021-07-23 15:46:00,17.20,21.65
2021-07-26 15:46:00,17.58,21.74
2021-07-27 15:46:00,19.36,23.00
2021-07-28 15:46:00,18.31,22.35
2021-07-29 15:46:00,17.70,21.88
2021-07-30 15:46:00,18.24,22.18
2021-08-02 15:46:00,19.46,23.05
2021-08-03 15:46:00,18.04,22.18
2021-08-04 15:46:00,17.97,22.17
2021-08-05 15:46:00,17.28,21.52
2021-08-06 15:46:00,16.15,20.87
2021-08-09 15:46:00,16.72,21.27
2021-08-10 15:46:00,16.79,21.21
2021-08-11 15:46:00,16.06,20.67
2021-08-12 15:46:00,15.59,20.25
2021-08-13 15:46:00,15.45,20.26
2021-08-16 15:46:00,16.12,20.64
2021-08-17 15:46:00,17.91,21.70
2021-08-18 15:46:00,21.57,23.80
2021-08-19 15:46:00,21.67,24.20
2021-08-20 15:46:00,18.56,22.41
2021-08-23 15:46:00,17.15,21.20
2021-08-24 15:46:00,17.22,21.22
2021-08-25 15:46:00,16.79,20.79
2021-08-26 15:46:00,18.84,21.86
2021-08-27 15:46:00,16.39,20.61
2021-08-30 15:46:00,16.19,20.40
2021-08-31 15:46:00,16.48,20.42
2021-09-01 15:46:00,16.11,20.08
2021-09-02 15:46:00,16.41,20.13
2021-09-03 15:46:00,16.41,20.32
2021-09-07 15:46:00,18.14,21.53
2021-09-08 15:46:00,17.96,21.59
2021-09-09 15:46:00,18.80,22.06
2021-09-10 15:46:00,20.95,23.31
2021-09-13 15:46:00,19.37,22.47
2021-09-14 15:46:00,19.46,22.55
2021-09-15 15:46:00,18.18,21.76
2021-09-16 15:46:00,18.69,21.81
2021-09-17 15:46:00,20.81,23.22
2021-09-20 15:46:00,25.71,26.40
2021-09-21 15:46:00,24.36,25.47
2021-09-22 15:46:00,20.87,23.05
2021-09-23 15:46:00,18.63,21.37
2021-09-24 15:46:00,17.75,20.82
2021-09-27 15:46:00,18.76,21.40
2021-09-28 15:46:00,23.25,24.03
2021-09-29 15:46:00,22.56,23.72
2021-09-30 15:46:00,23.14,23.87
2021-10-01 15:46:00,21.15,23.05
2021-10-04 15:46:00,22.96,24.11
2021-10-05 15:46:00,21.30,23.11
2021-10-06 15:46:00,21.00,22.84
2021-10-07 15:46:00,19.54,22.12
2021-10-08 15:46:00,18.77,21.88
2021-10-11 15:46:00,20.00,22.39
2021-10-12 15:46:00,19.85,22.33
2021-10-13 15:46:00,18.64,21.54
2021-10-14 15:46:00,16.86,20.37
2021-10-15 15:46:00,16.30,20.30
2021-10-18 15:46:00,16.31,20.29
2021-10-19 15:46:00,15.70,19.98
2021-10-20 15:46:00,15.49,19.87
2021-10-21 15:46:00,15.01,19.48
2021-10-22 15:46:00,15.43,20.01
2021-10-25 15:46:00,15.24,19.56
2021-10-26 15:46:00,15.98,20.11
2021-10-27 15:46:00,16.98,20.89
2021-10-28 15:46:00,16.53,20.48
2021-10-29 15:46:00,16.26,20.37
2021-11-01 15:46:00,16.41,20.39
2021-11-02 15:46:00,16.03,20.10
2021-11-03 15:46:00,15.10,19.50
2021-11-04 15:46:00,15.44,19.70
2021-11-05 15:46:00,16.48,20.49
2021-11-08 15:46:00,17.22,20.98
2021-11-09 15:46:00,17.78,21.41
2021-11-10 15:46:00,18.73,22.00
2021-11-11 15:46:00,17.66,21.38
2021-11-12 15:46:00,16.29,20.69
2021-11-15 15:46:00,16.49,20.87
2021-11-16 15:46:00,16.37,20.90
2021-11-17 15:46:00,17.11,21.58
2021-11-18 15:46:00,17.59,21.90
2021-11-19 15:46:00,17.91,21.92
2021-11-22 15:46:00,19.17,22.63
2021-11-23 15:46:00,19.38,22.45
2021-11-24 15:46:00,18.58,21.90
2021-11-26 15:46:00,28.62,29.17
2021-11-29 15:46:00,22.96,25.04
2021-11-30 15:46:00,27.19,28.13
2021-12-01 15:46:00,31.12,30.79
2021-12-02 15:46:00,27.95,29.15
2021-12-03 15:46:00,30.67,31.78
2021-12-06 15:46:00,27.18,28.88
2021-12-07 15:46:00,21.89,24.96
2021-12-08 15:46:00,19.90,23.63
2021-12-09 15:46:00,21.58,24.66
2021-12-10 15:46:00,18.69,23.18
2021-12-13 15:46:00,20.31,24.32
2021-12-14 15:46:00,21.89,25.35
2021-12-15 15:46:00,19.29,23.30
2021-12-16 15:46:00,20.57,24.37
2021-12-17 15:46:00,21.57,25.38
2021-12-20 15:46:00,22.87,26.31
2021-12-21 15:46:00,21.01,25.00
2021-12-22 15:46:00,18.63,23.56
2021-12-23 15:46:00,17.96,23.24
2021-12-27 15:46:00,17.68,22.74
2021-12-28 15:46:00,17.54,22.33
2021-12-29 15:46:00,16.95,21.83
2021-12-30 15:46:00,17.33,21.88
2021-12-31 15:46:00,17.22,21.88
2022-01-03 15:46:00,16.60,21.53
2022-01-04 15:46:00,16.91,21.62
2022-01-05 15:46:00,19.73,23.47
2022-01-06 15:46:00,19.61,23.50
2022-01-07 15:46:00,18.76,22.87
2022-01-10 15:46:00,19.40,22.68
2022-01-11 15:46:00,18.41,21.98
2022-01-12 15:46:00,17.62,21.58
2022-01-13 15:46:00,20.31,23.41
2022-01-14 15:46:00,19.19,22.82
2022-01-18 15:46:00,22.79,25.12
2022-01-19 15:46:00,23.85,25.81
2022-01-20 15:46:00,25.59,27.25
2022-01-21 15:46:00,28.85,29.95
2022-01-24 15:46:00,29.90,30.82
2022-01-25 15:46:00,31.16,31.76
2022-01-26 15:46:00,31.96,31.95
2022-01-27 15:46:00,30.49,30.87
2022-01-28 15:46:00,27.66,28.82
2022-01-31 15:46:00,24.83,26.85
2022-02-01 15:46:00,21.96,24.76
2022-02-02 15:46:00,22.09,25.14
2022-02-03 15:46:00,24.35,26.67
2022-02-04 15:46:00,23.22,26.25
2022-02-07 15:46:00,22.86,25.69
2022-02-08 15:46:00,21.44,24.54
2022-02-09 15:46:00,19.96,23.49
2022-02-10 15:46:00,23.91,26.07
2022-02-11 15:46:00,27.36,28.83
2022-02-14 15:46:00,28.33,29.44
2022-02-15 15:46:00,25.70,27.28
2022-02-16 15:46:00,24.29,26.26
2022-02-17 15:46:00,28.11,29.32
2022-02-18 15:46:00,27.75,29.22
2022-02-22 15:46:00,28.81,29.11
2022-02-23 15:46:00,31.02,30.88
2022-02-24 15:46:00,30.32,30.05
2022-02-25 15:46:00,27.59,28.04
2022-02-28 15:46:00,30.15,29.65
2022-03-01 15:46:00,33.32,32.59
2022-03-02 15:46:00,30.74,30.97
2022-03-03 15:46:00,30.48,30.80
2022-03-04 15:46:00,31.98,32.34
2022-03-07 15:46:00,36.45,35.74
2022-03-08 15:46:00,35.13,35.00
2022-03-09 15:46:00,32.45,33.06
2022-03-10 15:46:00,30.23,31.52
2022-03-11 15:46:00,30.75,32.34
2022-03-14 15:46:00,31.77,33.32
2022-03-15 15:46:00,29.83,31.96
2022-03-16 15:46:00,26.67,28.96
2022-03-17 15:46:00,25.67,28.22
2022-03-18 15:46:00,23.87,26.55
2022-03-21 15:46:00,23.53,26.38
2022-03-22 15:46:00,22.94,25.85
2022-03-23 15:46:00,23.57,26.41
2022-03-24 15:46:00,21.67,25.30
2022-03-25 15:46:00,20.81,24.72
2022-03-28 15:46:00,19.63,24.18
2022-03-29 15:46:00,18.90,23.19
2022-03-30 15:46:00,19.33,23.57
2022-03-31 15:46:00,20.56,24.46
2022-04-01 15:46:00,19.63,24.21
2022-04-04 15:46:00,18.57,23.03
2022-04-05 15:46:00,21.03,24.90
2022-04-06 15:46:00,22.10,25.80
2022-04-07 15:46:00,21.55,25.23
2022-04-08 15:46:00,21.16,25.17
2022-04-11 15:46:00,24.37,27.00
2022-04-12 15:46:00,24.26,27.17
2022-04-13 15:46:00,21.82,25.54
2022-04-14 15:46:00,22.70,26.03
2022-04-18 15:46:00,22.17,25.75
2022-04-19 15:46:00,21.37,25.06
2022-04-20 15:46:00,20.32,24.15
2022-04-21 15:46:00,22.68,26.11
2022-04-22 15:46:00,28.21,29.87
2022-04-25 15:46:00,27.02,29.07
2022-04-26 15:46:00,33.52,33.14
2022-04-27 15:46:00,31.60,32.20
2022-04-28 15:46:00,29.99,31.15
2022-04-29 15:46:00,33.40,33.18
2022-05-02 15:46:00,32.34,33.01
2022-05-03 15:46:00,29.25,30.81
2022-05-04 15:46:00,25.42,28.09
2022-05-05 15:46:00,31.20,32.68
2022-05-06 15:46:00,30.19,32.31
2022-05-09 15:46:00,34.75,35.05
2022-05-10 15:46:00,32.99,33.97
2022-05-11 15:46:00,32.56,33.63
2022-05-12 15:46:00,31.77,33.08
2022-05-13 15:46:00,28.87,30.70
2022-05-16 15:46:00,27.47,29.51
2022-05-17 15:46:00,26.10,28.37
2022-05-18 15:46:00,30.96,32.80
2022-05-19 15:46:00,29.35,30.79
2022-05-20 15:46:00,29.43,31.14
2022-05-23 15:46:00,28.48,30.29
2022-05-24 15:46:00,29.45,30.74
2022-05-25 15:46:00,28.37,29.73
2022-05-26 15:46:00,27.50,29.28
2022-05-27 15:46:00,25.72,28.02
2022-05-30 15:46:00,26.54,28.02
2022-05-31 15:46:00,26.19,27.99
2022-06-01 15:46:00,25.69,27.72
2022-06-02 15:46:00,24.72,27.06
2022-06-03 15:46:00,24.79,27.33
2022-06-06 15:46:00,25.07,27.22
2022-06-07 15:46:00,24.02,26.52
2022-06-08 15:46:00,23.96,26.54
2022-06-09 15:46:00,26.09,28.01
2022-06-10 15:46:00,27.75,29.72
2022-06-13 15:46:00,34.02,34.24
2022-06-14 15:46:00,32.69,33.28
2022-06-15 15:46:00,29.62,30.78
2022-06-16 15:46:00,32.95,33.49
2022-06-17 15:46:00,31.13,32.36
2022-06-20 15:46:00,31.03,32.36
2022-06-21 15:46:00,30.19,31.25
2022-06-22 15:46:00,28.95,30.24
2022-06-23 15:46:00,29.05,30.19
2022-06-24 15:46:00,27.23,28.95
2022-06-27 15:46:00,26.95,28.18
2022-06-28 15:46:00,28.36,29.15
2022-06-29 15:46:00,28.16,29.00
2022-06-30 15:46:00,28.71,29.71
2022-07-01 15:46:00,26.70,28.52
2022-07-04 15:46:00,27.53,28.52
2022-07-05 15:46:00,27.54,28.90
2022-07-06 15:46:00,26.73,28.39
2022-07-07 15:46:00,26.08,28.03
2022-07-08 15:46:00,24.64,27.30
2022-07-11 15:46:00,26.17,28.25
2022-07-12 15:46:00,27.29,28.82
2022-07-13 15:46:00,26.82,28.56
2022-07-14 15:46:00,26.40,28.61
2022-07-15 15:46:00,24.23,27.08
2022-07-18 15:46:00,25.30,27.82
2022-07-19 15:46:00,24.50,27.31
2022-07-20 15:46:00,23.88,26.70
2022-07-21 15:46:00,23.11,26.22
2022-07-22 15:46:00,23.03,25.97
2022-07-25 15:46:00,23.36,25.80
2022-07-26 15:46:00,24.69,26.42
2022-07-27 15:46:00,23.24,25.31
2022-07-28 15:46:00,22.33,24.33
2022-07-29 15:46:00,21.33,23.79
2022-08-01 15:46:00,22.84,24.86
2022-08-02 15:46:00,23.93,25.66
2022-08-03 15:46:00,21.95,24.37
2022-08-04 15:46:00,21.44,24.32
2022-08-05 15:46:00,21.15,24.18
2022-08-08 15:46:00,21.29,24.48
2022-08-09 15:46:00,21.77,24.69
2022-08-10 15:46:00,19.74,23.46
2022-08-11 15:46:00,20.20,23.71
2022-08-12 15:46:00,19.53,23.31
2022-08-15 15:46:00,19.95,23.32
2022-08-16 15:46:00,19.69,23.32
2022-08-17 15:46:00,19.90,23.60
2022-08-18 15:46:00,19.56,23.39
2022-08-19 15:46:00,20.60,24.32
2022-08-22 15:46:00,23.80,26.00
2022-08-23 15:46:00,24.11,25.92
2022-08-24 15:46:00,22.82,24.89
2022-08-25 15:46:00,21.78,24.13
2022-08-26 15:46:00,25.56,26.56
2022-08-29 15:46:00,26.21,26.82
2022-08-30 15:46:00,26.21,26.91
2022-08-31 15:46:00,25.87,26.65
2022-09-01 15:46:00,25.56,26.43
2022-09-02 15:46:00,25.47,26.48
2022-09-05 15:46:00,25.99,26.48
2022-09-06 15:46:00,26.91,27.59
2022-09-07 15:46:00,24.64,26.10
2022-09-08 15:46:00,23.61,25.52
2022-09-09 15:46:00,22.79,25.14
2022-09-12 15:46:00,23.87,25.37
2022-09-13 15:46:00,27.27,27.95
2022-09-14 15:46:00,26.16,27.46
2022-09-15 15:46:00,26.27,27.60
2022-09-16 15:46:00,26.30,27.63
2022-09-19 15:46:00,25.76,27.01
2022-09-20 15:46:00,27.16,27.88
2022-09-21 15:46:00,27.99,28.76
2022-09-22 15:46:00,27.35,28.22
2022-09-23 15:46:00,29.92,30.32
2022-09-26 15:46:00,32.26,31.77
2022-09-27 15:46:00,32.60,32.12
2022-09-28 15:46:00,30.18,30.58
2022-09-29 15:46:00,31.84,31.74
2022-09-30 15:46:00,31.62,31.86
2022-10-03 15:46:00,30.10,30.69
2022-10-04 15:46:00,29.07,29.67
2022-10-05 15:46:00,28.55,29.43
2022-10-06 15:46:00,30.52,30.79
2022-10-07 15:46:00,31.36,32.10
2022-10-10 15:46:00,32.45,32.73
2022-10-11 15:46:00,33.63,33.36
2022-10-12 15:46:00,33.57,33.13
2022-10-13 15:46:00,31.94,31.80
2022-10-14 15:46:00,32.02,32.45
2022-10-17 15:46:00,31.37,31.74
2022-10-18 15:46:00,30.50,30.98
2022-10-19 15:46:00,30.76,31.35
2022-10-20 15:46:00,29.98,30.81
2022-10-21 15:46:00,29.69,30.47
2022-10-24 15:46:00,29.85,30.33
2022-10-25 15:46:00,28.46,29.29
2022-10-26 15:46:00,27.28,28.46
2022-10-27 15:46:00,27.39,28.28
2022-10-28 15:46:00,25.75,26.90
2022-10-31 15:46:00,25.88,26.92
2022-11-01 15:46:00,25.81,26.69
2022-11-02 15:46:00,25.86,27.22
2022-11-03 15:46:00,25.30,26.70
2022-11-04 15:46:00,24.55,26.39
2022-11-07 15:46:00,24.35,26.26
2022-11-08 15:46:00,25.54,27.10
2022-11-09 15:46:00,26.09,27.91
2022-11-10 15:46:00,23.53,26.18
2022-11-11 15:46:00,22.52,25.74
2022-11-14 15:46:00,23.73,26.13
2022-11-15 15:46:00,24.54,26.59
2022-11-16 15:46:00,24.11,26.03
2022-11-17 15:46:00,23.93,25.83
2022-11-18 15:46:00,23.12,25.33
2022-11-21 15:46:00,22.36,24.72
2022-11-22 15:46:00,21.29,23.83
2022-11-23 15:46:00,20.35,23.38
2022-11-24 15:46:00,20.42,23.38
2022-11-25 15:46:00,20.50,23.59
2022-11-28 15:46:00,22.21,24.90
2022-11-29 15:46:00,21.89,24.65
2022-11-30 15:46:00,20.58,23.53
2022-12-01 15:46:00,19.84,23.31
2022-12-02 15:46:00,19.06,22.96
2022-12-05 15:46:00,20.75,23.89
2022-12-06 15:46:00,22.17,24.72
2022-12-07 15:46:00,22.68,25.18
2022-12-08 15:46:00,22.29,24.73
2022-12-09 15:46:00,22.83,25.21
2022-12-12 15:46:00,25.00,25.67
2022-12-13 15:46:00,22.55,24.29
2022-12-14 15:46:00,21.14,23.46
2022-12-15 15:46:00,22.83,25.08
2022-12-16 15:46:00,22.62,25.15
2022-12-19 15:46:00,22.42,25.08
2022-12-20 15:46:00,21.48,24.40
2022-12-21 15:46:00,20.07,23.35
2022-12-22 15:46:00,21.97,24.78
2022-12-23 15:46:00,20.87,24.13
2022-12-27 15:46:00,21.65,24.43
2022-12-28 15:46:00,22.14,24.58
2022-12-29 15:46:00,21.44,23.95
2022-12-30 15:46:00,21.67,24.29
2023-01-03 15:46:00,22.90,24.58
2023-01-04 15:46:00,22.01,23.81
2023-01-05 15:46:00,22.46,24.07
2023-01-06 15:46:00,21.13,23.18
2023-01-09 15:46:00,21.97,23.74
2023-01-10 15:46:00,20.58,22.74
2023-01-11 15:46:00,21.09,22.74
2023-01-12 15:46:00,18.83,21.58
2023-01-13 15:46:00,18.35,21.14
2023-01-16 15:46:00,19.49,21.14
2023-01-17 15:46:00,19.36,21.45
2023-01-18 15:46:00,20.34,22.27
2023-01-19 15:46:00,20.52,22.45
2023-01-20 15:46:00,19.85,21.72
2023-01-23 15:46:00,19.81,21.60
2023-01-24 15:46:00,19.20,20.91
2023-01-25 15:46:00,19.08,20.94
2023-01-26 15:46:00,18.73,20.70
2023-01-27 15:46:00,18.51,20.47
2023-01-30 15:46:00,19.94,21.37
2023-01-31 15:46:00,19.40,20.81
2023-02-01 15:46:00,17.87,19.97
2023-02-02 15:46:00,18.73,20.84
2023-02-03 15:46:00,18.33,20.78
2023-02-06 15:46:00,19.43,21.43
2023-02-07 15:46:00,18.66,20.78
2023-02-08 15:46:00,19.63,21.82
2023-02-09 15:46:00,20.71,22.50
2023-02-10 15:46:00,20.53,22.55
2023-02-13 15:46:00,20.34,21.97
2023-02-14 15:46:00,18.91,21.14
2023-02-15 15:46:00,18.23,20.68
2023-02-16 15:46:00,20.17,21.88
2023-02-17 15:46:00,20.02,21.77
2023-02-20 15:46:00,21.23,21.77
2023-02-21 15:46:00,22.87,23.38
2023-02-22 15:46:00,22.29,22.68
2023-02-23 15:46:00,21.14,21.74
2023-02-24 15:46:00,21.67,22.43
2023-02-27 15:46:00,20.95,21.59
2023-02-28 15:46:00,20.70,21.32
2023-03-01 15:46:00,20.58,21.36
2023-03-02 15:46:00,19.59,20.63
2023-03-03 15:46:00,18.49,19.98
2023-03-06 15:46:00,18.61,19.99
2023-03-07 15:46:00,19.59,20.59
2023-03-08 15:46:00,19.11,20.19
2023-03-09 15:46:00,22.61,22.87
2023-03-10 15:46:00,24.80,25.39
2023-03-13 15:46:00,26.52,26.64
2023-03-14 15:46:00,23.73,24.87
2023-03-15 15:46:00,26.14,27.20
2023-03-16 15:46:00,22.99,24.56
2023-03-17 15:46:00,25.51,27.42
2023-03-20 15:46:00,24.15,25.85
2023-03-21 15:46:00,21.38,23.57
2023-03-22 15:46:00,22.26,24.38
2023-03-23 15:46:00,22.61,24.53
2023-03-24 15:46:00,21.74,23.96
2023-03-27 15:46:00,20.60,22.87
2023-03-28 15:46:00,19.97,22.38
2023-03-29 15:46:00,19.12,21.49
2023-03-30 15:46:00,19.02,21.45
2023-03-31 15:46:00,18.70,21.23
2023-04-03 15:46:00,18.55,20.83
2023-04-04 15:46:00,19.00,21.34
2023-04-05 15:46:00,19.08,21.48
2023-04-06 15:46:00,18.40,21.00
2023-04-10 15:46:00,18.97,21.07
2023-04-11 15:46:00,19.10,21.01
2023-04-12 15:46:00,19.09,21.05
2023-04-13 15:46:00,17.80,20.26
2023-04-14 15:46:00,17.07,20.03
2023-04-17 15:46:00,16.95,19.65
2023-04-18 15:46:00,16.83,19.82
2023-04-19 15:46:00,16.46,20.02
2023-04-20 15:46:00,17.17,20.55
2023-04-21 15:46:00,16.77,20.39
2023-04-24 15:46:00,16.89,20.40
2023-04-25 15:46:00,18.76,21.65
2023-04-26 15:46:00,18.84,21.54
2023-04-27 15:46:00,17.03,20.37
2023-04-28 15:46:00,15.78,19.54
2023-05-01 15:46:00,16.08,19.67
2023-05-02 15:46:00,17.78,20.75
2023-05-03 15:46:00,18.34,21.29
2023-05-04 15:46:00,20.09,22.77
2023-05-05 15:46:00,17.19,20.78
2023-05-08 15:46:00,16.98,20.71
2023-05-09 15:46:00,17.71,21.17
2023-05-10 15:46:00,16.94,20.69
2023-05-11 15:46:00,16.93,20.62
2023-05-12 15:46:00,17.03,20.66
2023-05-15 15:46:00,17.12,20.31
2023-05-16 15:46:00,17.99,20.90
2023-05-17 15:46:00,16.87,20.05
2023-05-18 15:46:00,16.05,19.33
2023-05-19 15:46:00,16.81,20.04
2023-05-22 15:46:00,17.21,20.36
2023-05-23 15:46:00,18.53,21.06
2023-05-24 15:46:00,20.03,22.02
2023-05-25 15:46:00,19.14,21.38
2023-05-26 15:46:00,17.95,20.44
2023-05-29 15:46:00,17.46,20.44
2023-05-30 15:46:00,17.46,20.13
2023-05-31 15:46:00,17.94,20.21
2023-06-01 15:46:00,15.65,18.75
2023-06-02 15:46:00,14.60,17.92
2023-06-05 15:46:00,14.73,17.90
2023-06-06 15:46:00,13.96,17.04
2023-06-07 15:46:00,13.94,17.14
2023-06-08 15:46:00,13.65,16.86
2023-06-09 15:46:00,13.83,16.96
2023-06-12 15:46:00,15.01,17.28
2023-06-13 15:46:00,14.61,17.23
2023-06-14 15:46:00,13.88,16.86
2023-06-15 15:46:00,14.50,17.18
2023-06-16 15:46:00,13.54,16.75
2023-06-19 15:46:00,14.19,16.75
2023-06-20 15:46:00,13.88,17.30
2023-06-21 15:46:00,13.20,16.89
2023-06-22 15:46:00,12.91,16.56
2023-06-23 15:46:00,13.44,16.87
2023-06-26 15:46:00,14.25,17.05
2023-06-27 15:46:00,13.74,16.44
2023-06-28 15:46:00,13.43,15.90
2023-06-29 15:46:00,13.54,16.10
2023-06-30 15:46:00,13.59,16.02
2023-07-03 15:46:00,13.57,16.07
2023-07-04 15:46:00,13.70,16.07
2023-07-05 15:46:00,14.18,16.51
2023-07-06 15:46:00,15.44,17.52
2023-07-07 15:46:00,14.83,17.24
2023-07-10 15:46:00,15.07,17.25
2023-07-11 15:46:00,14.84,16.97
2023-07-12 15:46:00,13.54,16.11
2023-07-13 15:46:00,13.61,16.12
2023-07-14 15:46:00,13.34,16.04
2023-07-17 15:46:00,13.48,16.27
2023-07-18 15:46:00,13.30,16.13
2023-07-19 15:46:00,13.76,16.56
2023-07-20 15:46:00,13.99,16.66
2023-07-21 15:46:00,13.60,16.40
2023-07-24 15:46:00,13.91,16.26
2023-07-25 15:46:00,13.86,16.22
2023-07-26 15:46:00,13.19,15.79
2023-07-27 15:46:00,14.41,16.63
2023-07-28 15:46:00,13.33,15.92
2023-07-31 15:46:00,13.63,16.01
2023-08-01 15:46:00,13.93,16.34
2023-08-02 15:46:00,16.09,17.96
2023-08-03 15:46:00,15.92,17.72
2023-08-04 15:46:00,17.10,18.61
2023-08-07 15:46:00,15.77,17.72
2023-08-08 15:46:00,15.99,18.13
2023-08-09 15:46:00,15.96,18.05
2023-08-10 15:46:00,15.85,18.16
2023-08-11 15:46:00,14.84,17.56
2023-08-14 15:46:00,14.82,17.41
2023-08-15 15:46:00,16.46,18.59
2023-08-16 15:46:00,16.78,18.97
2023-08-17 15:46:00,17.89,19.83
2023-08-18 15:46:00,17.30,19.24
2023-08-21 15:46:00,17.13,18.77
2023-08-22 15:46:00,16.97,18.72
2023-08-23 15:46:00,15.98,17.94
2023-08-24 15:46:00,17.20,18.75
2023-08-25 15:46:00,15.68,17.72
2023-08-28 15:46:00,15.08,17.12
2023-08-29 15:46:00,14.45,16.56
2023-08-30 15:46:00,13.88,16.18
2023-08-31 15:46:00,13.57,15.92
2023-09-01 15:46:00,13.09,15.74
2023-09-04 15:46:00,13.82,15.74
2023-09-05 15:46:00,14.01,16.24
2023-09-06 15:46:00,14.45,16.61
2023-09-07 15:46:00,14.40,16.58
2023-09-08 15:46:00,13.84,16.14
2023-09-11 15:46:00,13.80,16.02
2023-09-12 15:46:00,14.23,16.25
2023-09-13 15:46:00,13.48,15.92
2023-09-14 15:46:00,12.82,15.34
2023-09-15 15:46:00,13.79,16.02
2023-09-18 15:46:00,14.00,16.13
2023-09-19 15:46:00,14.11,16.13
2023-09-20 15:46:00,15.14,16.81
2023-09-21 15:46:00,17.54,18.24
2023-09-22 15:46:00,17.20,18.09
2023-09-25 15:46:00,16.90,18.02
2023-09-26 15:46:00,18.94,19.72
2023-09-27 15:46:00,18.22,19.11
2023-09-28 15:46:00,17.34,18.38
2023-09-29 15:46:00,17.52,18.51
2023-10-02 15:46:00,17.61,18.62
2023-10-03 15:46:00,19.78,20.41
2023-10-04 15:46:00,18.58,19.52
2023-10-05 15:46:00,18.49,19.50
2023-10-06 15:46:00,17.45,18.73
2023-10-09 15:46:00,17.70,18.81
2023-10-10 15:46:00,17.03,18.27
2023-10-11 15:46:00,16.09,17.63
2023-10-12 15:46:00,16.69,18.09
2023-10-13 15:46:00,19.32,20.57
2023-10-16 15:46:00,17.21,18.79
2023-10-17 15:46:00,17.88,19.26
2023-10-18 15:46:00,19.22,20.47
2023-10-19 15:46:00,21.40,22.19
2023-10-20 15:46:00,21.71,22.44
2023-10-23 15:46:00,20.37,21.33
2023-10-24 15:46:00,18.97,20.21
2023-10-25 15:46:00,20.19,21.33
2023-10-26 15:46:00,20.68,21.57
2023-10-27 15:46:00,21.27,22.27
2023-10-30 15:46:00,19.75,20.80
2023-10-31 15:46:00,18.14,19.49
2023-11-01 15:46:00,16.87,18.55
2023-11-02 15:46:00,15.66,17.80
2023-11-03 15:46:00,14.91,17.22
2023-11-06 15:46:00,14.89,17.03
2023-11-07 15:46:00,14.81,16.92
2023-11-08 15:46:00,14.45,16.64
2023-11-09 15:46:00,15.29,17.30
2023-11-10 15:46:00,14.17,16.52
2023-11-13 15:46:00,14.76,16.61
2023-11-14 15:46:00,14.16,16.29
2023-11-15 15:46:00,14.18,16.28
2023-11-16 15:46:00,14.32,16.14
2023-11-17 15:46:00,13.80,15.85
2023-11-20 15:46:00,13.41,15.69
2023-11-21 15:46:00,13.35,15.50
2023-11-22 15:46:00,12.85,15.48
2023-11-23 15:46:00,12.80,15.48
2023-11-24 15:46:00,12.46,15.12
2023-11-27 15:46:00,12.69,15.34
2023-11-28 15:46:00,12.69,15.24
2023-11-29 15:46:00,12.98,15.51
2023-11-30 15:46:00,12.92,15.44
2023-12-01 15:46:00,12.63,15.36
2023-12-04 15:46:00,13.08,15.68
2023-12-05 15:46:00,12.85,15.57
2023-12-06 15:46:00,12.97,15.74
2023-12-07 15:46:00,13.06,15.65
2023-12-08 15:46:00,12.35,15.16
2023-12-11 15:46:00,12.63,15.19
2023-12-12 15:46:00,12.07,14.83
2023-12-13 15:46:00,12.19,14.66
2023-12-14 15:46:00,12.48,14.79
2023-12-15 15:46:00,12.28,15.13
2023-12-18 15:46:00,12.56,15.47
2023-12-19 15:46:00,12.53,15.64
2023-12-20 15:46:00,13.67,16.58
2023-12-21 15:46:00,13.65,16.30
2023-12-22 15:46:00,13.03,15.99
2023-12-26 15:46:00,12.99,15.88
2023-12-27 15:46:00,12.43,15.27
2023-12-28 15:46:00,12.47,15.23
2023-12-29 15:46:00,12.45,15.26
2024-01-02 15:46:00,13.20,15.48
2024-01-03 15:46:00,14.04,16.04
2024-01-04 15:46:00,14.13,16.04
2024-01-05 15:46:00,13.35,15.51
2024-01-08 15:46:00,13.08,15.14
2024-01-09 15:46:00,12.76,14.90
2024-01-10 15:46:00,12.69,14.73
2024-01-11 15:46:00,12.44,14.56
2024-01-12 15:46:00,12.70,14.94
2024-01-15 15:46:00,13.25,14.94
2024-01-16 15:46:00,13.84,15.74
2024-01-17 15:46:00,14.79,16.38
2024-01-18 15:46:00,14.13,15.84
2024-01-19 15:46:00,13.30,15.26
2024-01-22 15:46:00,13.19,14.97
2024-01-23 15:46:00,12.55,14.52
2024-01-24 15:46:00,13.14,14.97
2024-01-25 15:46:00,13.45,15.10
2024-01-26 15:46:00,13.26,15.03
2024-01-29 15:46:00,13.60,15.22
2024-01-30 15:46:00,13.31,15.14
2024-01-31 15:46:00,14.35,15.96
2024-02-01 15:46:00,13.88,15.50
2024-02-02 15:46:00,13.85,15.61
2024-02-05 15:46:00,13.67,15.33
2024-02-06 15:46:00,13.06,14.99
2024-02-07 15:46:00,12.83,14.85
2024-02-08 15:46:00,12.79,14.93
2024-02-09 15:46:00,12.93,15.08
2024-02-12 15:46:00,13.93,15.67
2024-02-13 15:46:00,15.85,16.82
2024-02-14 15:46:00,14.38,15.93
2024-02-15 15:46:00,14.01,15.76
2024-02-16 15:46:00,14.24,15.86
2024-02-19 15:46:00,14.71,15.86
2024-02-20 15:46:00,15.42,16.41
2024-02-21 15:46:00,15.34,16.23
2024-02-22 15:46:00,14.54,15.77
2024-02-23 15:46:00,13.75,15.25
2024-02-26 15:46:00,13.74,15.22
2024-02-27 15:46:00,13.43,14.89
2024-02-28 15:46:00,13.84,15.22
2024-02-29 15:46:00,13.40,14.93
2024-03-01 15:46:00,13.11,14.93
2024-03-04 15:46:00,13.49,15.23
2024-03-05 15:46:00,14.46,15.91
2024-03-06 15:46:00,14.50,15.97
2024-03-07 15:46:00,14.44,15.91
2024-03-08 15:46:00,14.74,16.30
2024-03-11 15:46:00,15.22,16.46
2024-03-12 15:46:00,13.84,15.66
2024-03-13 15:46:00,13.75,15.60
2024-03-14 15:46:00,14.40,16.12
2024-03-15 15:46:00,14.41,16.41
2024-03-18 15:46:00,14.33,16.22
2024-03-19 15:46:00,13.82,15.77
2024-03-20 15:46:00,13.04,15.28
2024-03-21 15:46:00,12.92,15.18
2024-03-22 15:46:00,13.06,15.30
2024-03-25 15:46:00,13.19,15.38
2024-03-26 15:46:00,13.24,15.29
2024-03-27 15:46:00,12.78,15.01
2024-03-28 15:46:00,13.01,15.19
2024-04-01 15:46:00,13.65,15.52
2024-04-02 15:46:00,14.61,16.09
2024-04-03 15:46:00,14.33,15.91
2024-04-04 15:46:00,16.35,17.16
2024-04-05 15:46:00,16.03,17.18
2024-04-08 15:46:00,15.19,16.56
2024-04-09 15:46:00,14.98,16.42
2024-04-10 15:46:00,15.80,17.04
2024-04-11 15:46:00,14.91,16.49
2024-04-12 15:46:00,17.31,18.20
2024-04-15 15:46:00,19.23,19.55
2024-04-16 15:46:00,18.40,18.84
2024-04-17 15:46:00,18.21,18.77
2024-04-18 15:46:00,18.00,18.66
2024-04-19 15:46:00,18.71,19.25
2024-04-22 15:46:00,16.94,17.63
2024-04-23 15:46:00,15.69,16.68
2024-04-24 15:46:00,15.97,16.84
2024-04-25 15:46:00,15.37,16.37
2024-04-26 15:46:00,15.03,16.27
2024-04-29 15:46:00,14.67,16.00
2024-04-30 15:46:00,15.65,16.59
2024-05-01 15:46:00,15.39,16.57
2024-05-02 15:46:00,14.68,16.05
2024-05-03 15:46:00,13.49,15.27
2024-05-06 15:46:00,13.49,15.02
2024-05-07 15:46:00,13.23,14.95
2024-05-08 15:46:00,13.00,14.90
2024-05-09 15:46:00,12.69,14.71
2024-05-10 15:46:00,12.55,14.66
2024-05-13 15:46:00,13.60,14.89
2024-05-14 15:46:00,13.42,14.70
2024-05-15 15:46:00,12.45,14.08
2024-05-16 15:46:00,12.42,14.22
2024-05-17 15:46:00,11.99,13.99
2024-05-20 15:46:00,12.15,14.11
2024-05-21 15:46:00,11.86,13.95
2024-05-22 15:46:00,12.29,14.31
2024-05-23 15:46:00,12.77,14.67
2024-05-24 15:46:00,11.93,14.17
2024-05-27 15:46:00,12.36,14.17
2024-05-28 15:46:00,12.92,14.72
2024-05-29 15:46:00,14.28,15.45
2024-05-30 15:46:00,14.47,15.59
2024-05-31 15:46:00,12.92,14.66
2024-06-03 15:46:00,13.11,14.80
2024-06-04 15:46:00,13.16,14.88
2024-06-05 15:46:00,12.63,14.54
2024-06-06 15:46:00,12.58,14.54
2024-06-07 15:46:00,12.22,14.41
2024-06-10 15:46:00,12.74,14.60
2024-06-11 15:46:00,12.85,14.49
2024-06-12 15:46:00,12.04,14.12
2024-06-13 15:46:00,11.94,14.17
2024-06-14 15:46:00,12.66,14.84
2024-06-17 15:46:00,12.75,14.79
2024-06-18 15:46:00,12.30,14.69
2024-06-19 15:46:00,12.48,14.69
2024-06-20 15:46:00,13.28,15.41
2024-06-21 15:46:00,13.20,15.17
2024-06-24 15:46:00,13.33,15.23
2024-06-25 15:46:00,12.84,14.86
2024-06-26 15:46:00,12.55,14.71
2024-06-27 15:46:00,12.24,14.42
2024-06-28 15:46:00,12.44,14.52
2024-07-01 15:46:00,12.22,14.19
2024-07-02 15:46:00,12.03,14.01
2024-07-03 15:46:00,12.09,14.02
2024-07-04 15:46:00,12.26,14.02
2024-07-05 15:46:00,12.48,14.35
2024-07-08 15:46:00,12.37,14.29
2024-07-09 15:46:00,12.51,14.39
2024-07-10 15:46:00,12.85,14.50
2024-07-11 15:46:00,12.92,14.67
2024-07-12 15:46:00,12.46,14.37
2024-07-15 15:46:00,13.12,14.87
2024-07-16 15:46:00,13.19,14.91
2024-07-17 15:46:00,14.48,15.79
2024-07-18 15:46:00,15.93,16.56
2024-07-19 15:46:00,16.52,17.16
2024-07-22 15:46:00,14.91,16.09
2024-07-23 15:46:00,14.72,16.01
2024-07-24 15:46:00,18.04,18.43
2024-07-25 15:46:00,18.46,18.69
2024-07-26 15:46:00,16.39,17.24
2024-07-29 15:46:00,16.60,17.16
2024-07-30 15:46:00,17.69,18.01
2024-07-31 15:46:00,16.36,16.97
2024-08-01 15:46:00,18.59,19.14
2024-08-02 15:46:00,23.39,23.34
2024-08-05 15:46:00,38.57,33.71
2024-08-06 15:46:00,27.71,26.76
2024-08-07 15:46:00,27.85,27.01
2024-08-08 15:46:00,23.79,24.13
2024-08-09 15:46:00,20.37,21.18
2024-08-12 15:46:00,20.71,21.63
2024-08-13 15:46:00,18.12,19.86
2024-08-14 15:46:00,16.19,18.45
2024-08-15 15:46:00,15.23,17.88
2024-08-16 15:46:00,14.80,17.81
2024-08-19 15:46:00,14.65,17.59
2024-08-20 15:46:00,15.88,18.28
2024-08-21 15:46:00,16.27,18.58
2024-08-22 15:46:00,17.55,19.36
2024-08-23 15:46:00,15.86,18.19
2024-08-26 15:46:00,16.15,18.25
2024-08-27 15:46:00,15.43,17.73
2024-08-28 15:46:00,17.11,18.90
2024-08-29 15:46:00,15.65,18.00
2024-08-30 15:46:00,15.00,17.43
2024-09-02 15:46:00,15.55,17.43
2024-09-03 15:46:00,20.72,21.70
2024-09-04 15:46:00,21.32,22.07
2024-09-05 15:46:00,19.90,20.93
2024-09-06 15:46:00,22.38,22.74
2024-09-09 15:46:00,19.45,20.88
2024-09-10 15:46:00,19.08,20.55
2024-09-11 15:46:00,17.69,19.59
2024-09-12 15:46:00,17.07,19.48
2024-09-13 15:46:00,16.56,19.28
2024-09-16 15:46:00,17.14,19.81
2024-09-17 15:46:00,17.61,20.13
2024-09-18 15:46:00,18.23,20.35
2024-09-19 15:46:00,16.33,19.07
2024-09-20 15:46:00,16.15,18.94
2024-09-23 15:46:00,15.89,18.70
2024-09-24 15:46:00,15.39,18.47
2024-09-25 15:46:00,15.41,18.57
2024-09-26 15:46:00,15.37,18.45
2024-09-27 15:46:00,16.96,19.54
2024-09-30 15:46:00,16.73,19.22
2024-10-01 15:46:00,19.26,20.89
2024-10-02 15:46:00,18.90,20.59
2024-10-03 15:46:00,20.49,21.63
2024-10-04 15:46:00,19.21,20.65
2024-10-07 15:46:00,22.64,22.59
2024-10-08 15:46:00,21.42,21.52
2024-10-09 15:46:00,20.86,20.91
2024-10-10 15:46:00,20.93,21.02
2024-10-11 15:46:00,20.46,20.77
2024-10-14 15:46:00,19.70,20.12
2024-10-15 15:46:00,20.64,20.80
2024-10-16 15:46:00,19.58,20.32
2024-10-17 15:46:00,19.11,19.81
2024-10-18 15:46:00,18.03,19.19
2024-10-21 15:46:00,18.37,19.24
2024-10-22 15:46:00,18.20,19.17
2024-10-23 15:46:00,19.24,20.04
2024-10-24 15:46:00,19.08,19.85
2024-10-25 15:46:00,20.33,20.94
2024-10-28 15:46:00,19.80,20.17
2024-10-29 15:46:00,19.34,19.96
2024-10-30 15:46:00,20.35,20.76
2024-10-31 15:46:00,23.16,22.64
2024-11-01 15:46:00,21.88,21.91
2024-11-04 15:46:00,21.98,21.57
2024-11-05 15:46:00,20.49,20.19
2024-11-06 15:46:00,16.27,17.67
2024-11-07 15:46:00,15.20,16.95
2024-11-08 15:46:00,14.94,16.83
2024-11-11 15:46:00,14.97,16.80
2024-11-12 15:46:00,14.71,16.71
2024-11-13 15:46:00,14.02,16.51
2024-11-14 15:46:00,14.31,16.68
2024-11-15 15:46:00,16.14,17.81
2024-11-18 15:46:00,15.58,17.19
2024-11-19 15:46:00,16.35,17.69
2024-11-20 15:46:00,17.16,18.26
2024-11-21 15:46:00,16.87,18.18
2024-11-22 15:46:00,15.24,17.30
2024-11-25 15:46:00,14.60,16.87
2024-11-26 15:46:00,14.10,16.53
2024-11-27 15:46:00,14.10,16.60
2024-11-28 15:46:00,13.90,16.60
2024-11-29 15:46:00,13.51,16.26
2024-12-02 15:46:00,13.34,16.34
2024-12-03 15:46:00,13.30,16.24
2024-12-04 15:46:00,13.45,16.39
2024-12-05 15:46:00,13.54,16.58
2024-12-06 15:46:00,12.77,16.32
2024-12-09 15:46:00,14.19,17.09
2024-12-10 15:46:00,14.18,16.98
2024-12-11 15:46:00,13.58,16.88
2024-12-12 15:46:00,13.92,17.35
2024-12-13 15:46:00,13.81,17.15
2024-12-16 15:46:00,14.69,17.57
2024-12-17 15:46:00,15.87,18.13
2024-12-18 15:46:00,27.62,24.24
2024-12-19 15:46:00,24.09,24.14
2024-12-20 15:46:00,18.36,20.10
2024-12-23 15:46:00,16.78,18.65
2024-12-24 15:46:00,14.27,17.20
2024-12-26 15:46:00,14.73,17.36
2024-12-27 15:46:00,15.95,18.07
2024-12-30 15:46:00,17.40,18.94
2024-12-31 15:46:00,17.35,18.98
2025-01-02 15:46:00,17.93,19.33
2025-01-03 15:46:00,16.13,18.14
2025-01-06 15:46:00,16.04,18.03
2025-01-07 15:46:00,17.82,19.19
2025-01-08 15:46:00,17.70,19.34
2025-01-09 15:46:00,18.07,19.34
2025-01-10 15:46:00,19.54,20.97
2025-01-13 15:46:00,19.19,20.43
2025-01-14 15:46:00,18.71,19.99
2025-01-15 15:46:00,16.12,18.23
2025-01-16 15:46:00,16.60,18.35
2025-01-17 15:46:00,15.97,18.19
2025-01-20 15:46:00,15.81,18.19
2025-01-21 15:46:00,15.06,17.50
2025-01-22 15:46:00,15.10,17.81
2025-01-23 15:46:00,15.02,17.52
2025-01-24 15:46:00,14.85,17.55
2025-01-27 15:46:00,17.90,18.97
2025-01-28 15:46:00,16.41,18.13
2025-01-29 15:46:00,16.56,18.15
2025-01-30 15:46:00,15.84,17.91
2025-01-31 15:46:00,16.43,18.43
2025-02-03 15:46:00,18.62,19.55
2025-02-04 15:46:00,17.21,18.64
2025-02-05 15:46:00,15.77,17.96
2025-02-06 15:46:00,15.50,17.94
2025-02-07 15:46:00,16.54,18.63
2025-02-10 15:46:00,15.81,18.23
2025-02-11 15:46:00,16.02,18.28
2025-02-12 15:46:00,15.89,18.31
2025-02-13 15:46:00,15.10,17.84
2025-02-14 15:46:00,14.77,17.81
2025-02-17 15:46:00,15.37,17.81
2025-02-18 15:46:00,15.35,17.82
2025-02-19 15:46:00,15.27,17.93
2025-02-20 15:46:00,15.66,18.01
2025-02-21 15:46:00,18.21,19.48
2025-02-24 15:46:00,18.98,19.86
2025-02-25 15:46:00,19.43,20.03
2025-02-26 15:46:00,19.10,19.75
2025-02-27 15:46:00,21.13,21.22
2025-02-28 15:46:00,19.63,20.18
2025-03-03 15:46:00,22.78,22.18
2025-03-04 15:46:00,23.51,22.78
2025-03-05 15:46:00,21.93,21.72
2025-03-06 15:46:00,24.87,23.70
2025-03-07 15:46:00,23.37,22.59
2025-03-10 15:46:00,27.86,25.72
2025-03-11 15:46:00,26.92,25.34
2025-03-12 15:46:00,24.23,23.67
2025-03-13 15:46:00,24.66,24.06
2025-03-14 15:46:00,21.77,22.17
2025-03-17 15:46:00,20.51,21.30
2025-03-18 15:46:00,21.70,21.97
2025-03-19 15:46:00,19.90,20.83
2025-03-20 15:46:00,19.80,20.71
2025-03-21 15:46:00,19.28,20.35
2025-03-24 15:46:00,17.48,19.04
2025-03-25 15:46:00,17.15,19.05
2025-03-26 15:46:00,18.33,19.84
2025-03-27 15:46:00,18.69,19.89
2025-03-28 15:46:00,21.65,22.01
2025-03-31 15:46:00,22.28,21.97
2025-04-01 15:46:00,21.77,21.82
2025-04-02 15:46:00,21.51,21.45
2025-04-03 15:46:00,30.02,27.38
2025-04-04 15:46:00,45.31,36.71
2025-04-07 15:46:00,46.98,36.88
2025-04-08 15:46:00,52.33,41.50
2025-04-09 15:46:00,33.62,29.92
2025-04-10 15:46:00,40.72,35.71
2025-04-11 15:46:00,37.56,33.91
2025-04-14 15:46:00,30.89,29.63
2025-04-15 15:46:00,30.12,29.00
2025-04-16 15:46:00,32.64,30.94
2025-04-17 15:46:00,29.65,29.35
2025-04-21 15:46:00,33.82,31.83
2025-04-22 15:46:00,30.57,29.45
2025-04-23 15:46:00,28.45,28.02
2025-04-24 15:46:00,26.47,26.44
2025-04-25 15:46:00,24.84,25.37
2025-04-28 15:46:00,25.15,25.73
2025-04-29 15:46:00,24.17,25.22
2025-04-30 15:46:00,24.70,25.54
2025-05-01 15:46:00,24.60,25.49
2025-05-02 15:46:00,22.68,24.00
2025-05-05 15:46:00,23.64,24.55
2025-05-06 15:46:00,24.76,25.41
2025-05-07 15:46:00,23.55,24.70
2025-05-08 15:46:00,22.48,23.76
2025-05-09 15:46:00,21.90,23.38
2025-05-12 15:46:00,18.39,20.22
2025-05-13 15:46:00,18.22,20.09
2025-05-14 15:46:00,18.62,20.58
2025-05-15 15:46:00,17.83,20.25
2025-05-16 15:46:00,17.24,20.08
2025-05-19 15:46:00,18.14,20.69
2025-05-20 15:46:00,18.09,20.72
2025-05-21 15:46:00,20.87,22.66
2025-05-22 15:46:00,20.28,22.32
2025-05-23 15:46:00,22.29,23.80
2025-05-26 15:46:00,20.57,23.80
2025-05-27 15:46:00,18.96,21.29
2025-05-28 15:46:00,19.31,21.67
2025-05-29 15:46:00,19.18,21.62
2025-05-30 15:46:00,18.57,21.38
2025-06-02 15:46:00,18.36,21.09
2025-06-03 15:46:00,17.69,20.72
2025-06-04 15:46:00,17.61,20.66
2025-06-05 15:46:00,18.48,21.11
2025-06-06 15:46:00,16.77,20.02
2025-06-09 15:46:00,17.16,20.09
2025-06-10 15:46:00,16.95,19.94
2025-06-11 15:46:00,17.26,20.30
2025-06-12 15:46:00,18.02,20.65
2025-06-13 15:46:00,20.82,22.62
2025-06-16 15:46:00,19.11,21.23
2025-06-17 15:46:00,21.60,22.91
2025-06-18 15:46:00,20.14,21.97
2025-06-19 15:46:00,22.17,21.97
2025-06-20 15:46:00,20.62,22.48
2025-06-23 15:46:00,19.83,21.82
2025-06-24 15:46:00,17.48,20.05
2025-06-25 15:46:00,16.76,19.67
2025-06-26 15:46:00,16.59,19.45
2025-06-27 15:46:00,16.32,19.45
2025-06-30 15:46:00,16.73,19.44
2025-07-01 15:46:00,16.83,19.51
2025-07-02 15:46:00,16.64,19.35
2025-07-03 15:46:00,16.38,19.21
2025-07-04 15:46:00,17.48,19.21
2025-07-07 15:46:00,17.79,20.21
2025-07-08 15:46:00,16.81,19.58
2025-07-09 15:46:00,15.94,19.02
2025-07-10 15:46:00,15.78,18.92
2025-07-11 15:46:00,16.40,19.37
2025-07-14 15:46:00,17.20,19.84
2025-07-15 15:46:00,17.38,20.06
2025-07-16 15:46:00,17.16,20.09
2025-07-17 15:46:00,16.52,19.69
2025-07-18 15:46:00,16.41,19.58
2025-07-21 15:46:00,16.65,19.51
2025-07-22 15:46:00,16.50,19.53
2025-07-23 15:46:00,15.37,18.56
2025-07-24 15:46:00,15.39,18.56
2025-07-25 15:46:00,14.93,18.32
2025-07-28 15:46:00,15.03,18.16
2025-07-29 15:46:00,15.98,18.77
2025-07-30 15:46:00,15.48,18.35
2025-07-31 15:46:00,16.72,19.14
2025-08-01 15:46:00,20.38,21.24
2025-08-04 15:46:00,17.52,19.61
2025-08-05 15:46:00,17.85,20.03
2025-08-06 15:46:00,16.77,19.47
2025-08-07 15:46:00,16.57,19.35
2025-08-08 15:46:00,15.15,18.70
2025-08-11 15:46:00,16.25,19.25
2025-08-12 15:46:00,14.73,18.34
2025-08-13 15:46:00,14.49,18.33
2025-08-14 15:46:00,14.83,18.49
2025-08-15 15:46:00,15.09,18.64
2025-08-18 15:46:00,14.99,18.45
2025-08-19 15:46:00,15.57,18.90
2025-08-20 15:46:00,15.69,19.10
2025-08-21 15:46:00,16.60,19.41
2025-08-22 15:46:00,14.22,17.76
2025-08-25 15:46:00,14.79,18.02
2025-08-26 15:46:00,14.62,17.90
2025-08-27 15:46:00,14.85,17.94
2025-08-28 15:46:00,14.43,17.72
2025-08-29 15:46:00,15.36,18.35
2025-09-01 15:46:00,16.12,18.35
2025-09-02 15:46:00,17.17,19.38
2025-09-03 15:46:00,16.35,18.93
2025-09-04 15:46:00,15.30,18.39
2025-09-05 15:46:00,15.18,18.42
2025-09-08 15:46:00,15.11,18.29
2025-09-09 15:46:00,15.04,18.27
2025-09-10 15:46:00,15.35,18.44
2025-09-11 15:46:00,14.71,18.03
2025-09-12 15:46:00,14.76,18.06
2025-09-15 15:46:00,15.69,18.53
2025-09-16 15:46:00,16.36,18.91
2025-09-17 15:46:00,15.72,18.44
2025-09-18 15:46:00,15.70,18.52
2025-09-19 15:46:00,15.45,18.48
2025-09-22 15:46:00,16.10,18.95
2025-09-23 15:46:00,16.64,19.44
2025-09-24 15:46:00,16.18,19.14
2025-09-25 15:46:00,16.74,19.46
2025-09-26 15:46:00,15.29,18.41
2025-09-29 15:46:00,16.12,18.76
2025-09-30 15:46:00,16.28,18.77
2025-10-01 15:46:00,16.29,18.76
2025-10-02 15:46:00,16.63,18.89
2025-10-03 15:46:00,16.65,19.08
2025-10-06 15:46:00,16.37,19.12
2025-10-07 15:46:00,17.24,19.71
2025-10-08 15:46:00,16.30,19.26
2025-10-09 15:46:00,16.43,19.38
2025-10-10 15:46:00,21.66,22.81
2025-10-13 15:46:00,19.03,20.93
2025-10-14 15:46:00,20.81,22.03
2025-10-15 15:46:00,20.64,21.94
2025-10-16 15:46:00,25.31,24.87
2025-10-17 15:46:00,20.78,22.09
2025-10-20 15:46:00,18.23,20.31
2025-10-21 15:46:00,17.87,19.99
2025-10-22 15:46:00,18.60,20.31
2025-10-23 15:46:00,17.30,19.65
2025-10-24 15:46:00,16.37,19.20
2025-10-27 15:46:00,15.79,18.99
2025-10-28 15:46:00,16.42,19.55
2025-10-29 15:46:00,16.92,19.83
2025-10-30 15:46:00,16.91,19.98
2025-10-31 15:46:00,17.44,20.49
2025-11-03 15:46:00,17.17,20.38
2025-11-04 15:46:00,19.00,21.29
2025-11-05 15:46:00,18.01,20.60
2025-11-06 15:46:00,19.50,21.35
2025-11-07 15:46:00,19.08,21.19
2025-11-10 15:46:00,17.60,20.24
2025-11-11 15:46:00,17.28,20.19
2025-11-12 15:46:00,17.51,20.34
2025-11-13 15:46:00,20.00,21.85
2025-11-14 15:46:00,19.83,21.58
2025-11-17 15:46:00,22.38,23.18
2025-11-18 15:46:00,24.69,24.54
2025-11-19 15:46:00,23.66,23.99
2025-11-20 15:46:00,26.42,25.76
2025-11-21 15:46:00,23.43,23.96
2025-11-24 15:46:00,20.52,21.85
2025-11-25 15:46:00,18.56,20.73
2025-11-26 15:46:00,17.19,20.02
2025-11-27 15:46:00,17.21,20.02
2025-11-28 15:46:00,16.35,19.64
2025-12-01 15:46:00,17.24,20.22
2025-12-02 15:46:00,16.59,19.84
2025-12-03 15:46:00,16.08,19.71
2025-12-04 15:46:00,15.78,19.49
2025-12-05 15:46:00,15.41,19.27
2025-12-08 15:46:00,16.66,19.91
2025-12-09 15:46:00,16.93,20.08
2025-12-10 15:46:00,15.77,19.35
2025-12-11 15:46:00,14.85,19.05
2025-12-12 15:46:00,15.74,19.25
2025-12-15 15:46:00,16.50,19.68
2025-12-16 15:46:00,16.48,19.67
2025-12-17 15:46:00,17.62,20.08
2025-12-18 15:46:00,16.87,19.59
2025-12-19 15:46:00,14.91,18.25
2025-12-22 15:46:00,14.08,17.79
2025-12-23 15:46:00,14.00,17.84
2025-12-24 15:46:00,13.47,17.77
2025-12-26 15:46:00,13.60,17.77
2025-12-29 15:46:00,14.20,17.82
2025-12-30 15:46:00,14.33,17.77
2025-12-31 15:46:00,14.95,18.18
2026-01-02 15:46:00,14.51,18.02
2026-01-05 15:46:00,14.90,18.32
2026-01-06 15:46:00,14.75,18.15
2026-01-07 15:46:00,15.38,18.59
2026-01-08 15:46:00,15.45,18.39
2026-01-09 15:46:00,14.49,17.88
2026-01-12 15:46:00,15.12,18.23
2026-01-13 15:46:00,15.98,18.85
2026-01-14 15:46:00,16.75,19.37
2026-01-15 15:46:00,15.84,18.90
2026-01-16 15:46:00,15.86,18.99
2026-01-19 15:46:00,18.84,18.99
2026-01-20 15:46:00,20.09,21.28
2026-01-21 15:46:00,16.90,19.36
2026-01-22 15:46:00,15.64,18.75
2026-01-23 15:46:00,16.09,19.15
2026-01-26 15:46:00,16.15,19.07
2026-01-27 15:46:00,16.35,19.22
2026-01-28 15:46:00,16.35,19.30
2026-01-29 15:46:00,16.88,19.67
2026-01-30 15:46:00,17.44,20.07
2026-02-02 15:46:00,16.34,19.37
2026-02-03 15:46:00,18.00,20.35
2026-02-04 15:46:00,18.64,20.62
2026-02-05 15:46:00,21.77,22.45
2026-02-06 15:46:00,17.76,20.37
2026-02-09 15:46:00,17.36,20.09
2026-02-10 15:46:00,17.79,20.43
2026-02-11 15:46:00,17.65,20.37
2026-02-12 15:46:00,20.82,22.17
2026-02-13 15:46:00,20.60,22.17
2026-02-16 15:46:00,21.20,22.17
2026-02-17 15:46:00,20.29,21.60
2026-02-18 15:46:00,19.62,21.39
2026-02-19 15:46:00,20.23,21.88
2026-02-20 15:46:00,19.09,21.09
2026-02-23 15:46:00,21.01,22.14
2026-02-24 15:46:00,19.55,21.34
2026-02-25 15:46:00,17.93,20.36
2026-02-26 15:46:00,18.63,20.81
2026-02-27 15:46:00,19.86,21.56
2026-03-02 15:46:00,21.44,22.44
2026-03-03 15:46:00,23.57,23.54
2026-03-04 15:46:00,21.15,22.29
2026-03-05 15:46:00,23.75,23.86
2026-03-06 15:46:00,29.49,27.56
2026-03-09 15:46:00,25.50,25.34
2026-03-10 15:46:00,24.93,25.51
2026-03-11 15:46:00,24.23,24.97
2026-03-12 15:46:00,27.29,26.95
2026-03-13 15:46:00,27.19,27.28
2026-03-16 15:46:00,23.51,24.92
2026-03-17 15:46:00,22.37,24.33
2026-03-18 15:46:00,25.09,26.56
2026-03-19 15:46:00,24.06,25.54
2026-03-20 15:46:00,26.78,27.43
2026-03-23 15:46:00,26.15,26.10
2026-03-24 15:46:00,26.95,26.56
2026-03-25 15:46:00,25.33,25.63
2026-03-26 15:46:00,27.44,27.16
2026-03-27 15:46:00,31.05,29.27
2026-03-30 15:46:00,30.61,29.13
2026-03-31 15:46:00,25.25,25.55
2026-04-01 15:46:00,24.54,24.86
2026-04-02 15:46:00,23.87,24.72
2026-04-06 15:46:00,24.17,24.77
2026-04-07 15:46:00,25.78,25.57
2026-04-08 15:46:00,21.04,22.68
2026-04-09 15:46:00,19.49,21.81
2026-04-10 15:46:00,19.23,21.86
2026-04-13 15:46:00,19.12,21.34
2026-04-14 15:46:00,18.36,20.82
2026-04-15 15:46:00,18.17,20.78
2026-04-16 15:46:00,17.94,20.77
2026-04-17 15:46:00,17.48,20.51
2026-04-20 15:46:00,18.87,21.24
2026-04-21 15:46:00,19.50,21.51
2026-04-22 15:46:00,18.92,21.24
2026-04-23 15:46:00,19.31,21.48
2026-04-24 15:46:00,18.71,21.30
2026-04-27 15:46:00,18.02,20.77
2026-04-28 15:46:00,17.83,20.49
2026-04-29 15:46:00,18.81,21.19
2026-04-30 15:46:00,16.89,20.08
2026-05-01 15:46:00,16.99,20.37
2026-05-04 15:46:00,18.29,21.05
2026-05-05 15:46:00,17.38,20.82
2026-05-06 15:46:00,17.39,20.57
2026-05-07 15:46:00,17.08,20.35
2026-05-08 15:46:00,17.19,20.50
2026-05-11 15:46:00,18.38,21.24
2026-05-12 15:46:00,17.99,21.04
2026-05-13 15:46:00,17.87,21.18
2026-05-14 15:46:00,17.26,20.85
2026-05-15 15:46:00,18.43,21.36
2026-05-18 15:46:00,17.82,20.92
2026-05-19 15:46:00,18.06,21.12
2026-05-20 15:46:00,17.44,20.76
2026-05-21 15:46:00,16.76,20.00
2026-05-22 15:46:00,16.70,20.03
2026-05-25 15:46:00,16.59,20.03
2026-05-26 15:46:00,17.01,19.89
2026-05-27 15:46:00,16.29,19.45
2026-05-28 15:46:00,15.74,19.11
2026-05-29 15:46:00,15.32,18.66
2026-06-01 15:46:00,16.05,19.43
2026-06-02 15:46:00,15.77,19.49
2026-06-03 15:46:00,16.06,19.76
2026-06-04 15:46:00,15.40,19.23
2026-06-05 15:46:00,21.51,21.82
2026-06-08 15:46:00,18.92,20.79
2026-06-09 15:46:00,19.87,21.31
2026-06-10 15:46:00,22.22,22.89
2026-06-11 15:46:00,19.44,21.42
2026-06-12 15:46:00,17.68,20.51
